李秀华,(((34)))

陈平,(90)

石畅,(68)

李云,(19)

罗欢,(20)

吴辉,(25)

殷婷,(33)

蓝艳,(24)

连小红,(32)

李秀芳,(83)

任志强,(47)

熊岩,(98)

刘红梅,(74)

范成,(39)

叶亮,(42)

阎龙,(47)

张娜,(56)

刘辉,(42)

苏芳,(66)

尤倩,(82)

吴莉,(37)

戴海燕,(74)

仇建华,(48)

陈洁,(1)

李勇,(23)

黄玉珍,(97)

张建军,(61)

赵彬,(68)

吴冬梅,(31)

张强,(1)

关娜,(49)

张涛,(4)

张博,(75)

邝楠,(87)

李金凤,(9)

杨欢,(7)

赵旭,(29)

高兵,(53)

潘成,(37)

蔡旭,(74)

耿建军,(11)

罗磊,(14)

王建,(31)

陈秀云,(78)

张桂荣,(71)

张龙,(5)

李成,(43)

苏林,(2)

张瑞,(63)

毛桂荣,(11)

杜红,(22)

何斌,(82)

杨杰,(58)

叶志强,(48)

季博,(17)

陈琴,(85)

高娜,(40)

车雷,(86)

王明,(46)

孙帅,(62)

张雪梅,(100)

邢秀芳,(35)

吴楠,(4)

李莹,(71)

田俊,(35)

徐强,(29)

李倩,(74)

王慧,(63)

朱玉英,(12)

孙飞,(55)

刘桂荣,(5)

罗芳,(38)

樊建华,(75)

张金凤,(41)

田琴,(17)

张云,(30)

胡岩,(60)

张志强,(79)

郑红霞,(51)

韩峰,(2)

涂华,(42)

刘玉,(41)

吕明,(4)

柯成,(30)

段瑞,(71)

张伟,(61)

张敏,(29)

杨桂芳,(61)

安峰,(55)

李建国,(9)

艾浩,(65)

刘平,(78)

王平,(88)

张晶,(8)

王桂兰,(15)

马涛,(23)

陈敏,(36)

傅鹏,(62)

徐秀梅,(49)

周健,(22)

